<Events><Event><System><Provider Name="HttpPlatformHandler"/><EventID>2000</EventID><Level>4</Level><Task>0</Task><Keywords>Keywords</Keywords><TimeCreated SystemTime="2019-07-14T06:04:01Z"/><EventRecordID>176990343</EventRecordID><Channel>Application</Channel><Computer>RD0003FF564539</Computer><Security/></System><EventData><Data>Change in global configuration [TID 2820] [PID 6064]</Data></EventData></Event><Event><System><Provider Name="HttpPlatformHandler"/><EventID>2000</EventID><Level>4</Level><Task>0</Task><Keywords>Keywords</Keywords><TimeCreated SystemTime="2019-07-14T06:04:01Z"/><EventRecordID>176990375</EventRecordID><Channel>Application</Channel><Computer>RD0003FF564539</Computer><Security/></System><EventData><Data>Global configuration changed. Change path: MACHINE/WEBROOT/APPHOST/WEBAPPSDEMO1, ApplicationManager: 009A9B40 [TID 2820] [PID 6064]</Data></EventData></Event><Event><System><Provider Name="HttpPlatformHandler"/><EventID>2000</EventID><Level>4</Level><Task>0</Task><Keywords>Keywords</Keywords><TimeCreated SystemTime="2019-07-14T06:04:01Z"/><EventRecordID>176990390</EventRecordID><Channel>Application</Channel><Computer>RD0003FF564539</Computer><Security/></System><EventData><Data>Recycling application MACHINE/WEBROOT/APPHOST/WEBAPPSDEMO1 [TID 2820] [PID 6064]</Data></EventData></Event><Event><System><Provider Name="HttpPlatformHandler"/><EventID>2000</EventID><Level>4</Level><Task>0</Task><Keywords>Keywords</Keywords><TimeCreated SystemTime="2019-07-14T06:06:00Z"/><EventRecordID>177109593</EventRecordID><Channel>Application</Channel><Computer>RD0003FF564539</Computer><Security/></System><EventData><Data>Change in global configuration [TID 4192] [PID 6064]</Data></EventData></Event><Event><System><Provider Name="HttpPlatformHandler"/><EventID>2000</EventID><Level>4</Level><Task>0</Task><Keywords>Keywords</Keywords><TimeCreated SystemTime="2019-07-14T06:06:00Z"/><EventRecordID>177109609</EventRecordID><Channel>Application</Channel><Computer>RD0003FF564539</Computer><Security/></System><EventData><Data>Global configuration changed. Change path: MACHINE/WEBROOT/APPHOST/WEBAPPSDEMO1, ApplicationManager: 009A9B40 [TID 4192] [PID 6064]</Data></EventData></Event><Event><System><Provider Name="HttpPlatformHandler"/><EventID>2000</EventID><Level>4</Level><Task>0</Task><Keywords>Keywords</Keywords><TimeCreated SystemTime="2019-07-14T06:06:00Z"/><EventRecordID>177109609</EventRecordID><Channel>Application</Channel><Computer>RD0003FF564539</Computer><Security/></System><EventData><Data>Recycling application MACHINE/WEBROOT/APPHOST/WEBAPPSDEMO1 [TID 4192] [PID 6064]</Data></EventData></Event><Event><System><Provider Name="HttpPlatformHandler"/><EventID>2000</EventID><Level>4</Level><Task>0</Task><Keywords>Keywords</Keywords><TimeCreated SystemTime="2019-07-14T06:08:31Z"/><EventRecordID>177261140</EventRecordID><Channel>Application</Channel><Computer>RD0003FF564539</Computer><Security/></System><EventData><Data>Change in global configuration [TID 2568] [PID 6064]</Data></EventData></Event><Event><System><Provider Name="HttpPlatformHandler"/><EventID>2000</EventID><Level>4</Level><Task>0</Task><Keywords>Keywords</Keywords><TimeCreated SystemTime="2019-07-14T06:08:31Z"/><EventRecordID>177261156</EventRecordID><Channel>Application</Channel><Computer>RD0003FF564539</Computer><Security/></System><EventData><Data>Global configuration changed. Change path: MACHINE/WEBROOT/APPHOST/WEBAPPSDEMO1, ApplicationManager: 009A9B40 [TID 2568] [PID 6064]</Data></EventData></Event><Event><System><Provider Name="HttpPlatformHandler"/><EventID>2000</EventID><Level>4</Level><Task>0</Task><Keywords>Keywords</Keywords><TimeCreated SystemTime="2019-07-14T06:08:32Z"/><EventRecordID>177261187</EventRecordID><Channel>Application</Channel><Computer>RD0003FF564539</Computer><Security/></System><EventData><Data>Recycling application MACHINE/WEBROOT/APPHOST/WEBAPPSDEMO1 [TID 2568] [PID 6064]</Data></EventData></Event><Event><System><Provider Name="HttpPlatformHandler"/><EventID>2000</EventID><Level>4</Level><Task>0</Task><Keywords>Keywords</Keywords><TimeCreated SystemTime="2019-07-14T06:15:29Z"/><EventRecordID>177678343</EventRecordID><Channel>Application</Channel><Computer>RD0003FF564539</Computer><Security/></System><EventData><Data>Change in global configuration [TID 4192] [PID 6064]</Data></EventData></Event><Event><System><Provider Name="HttpPlatformHandler"/><EventID>2000</EventID><Level>4</Level><Task>0</Task><Keywords>Keywords</Keywords><TimeCreated SystemTime="2019-07-14T06:15:29Z"/><EventRecordID>177678390</EventRecordID><Channel>Application</Channel><Computer>RD0003FF564539</Computer><Security/></System><EventData><Data>Global configuration changed. Change path: MACHINE/WEBROOT/APPHOST/WEBAPPSDEMO1, ApplicationManager: 009A9B40 [TID 4192] [PID 6064]</Data></EventData></Event><Event><System><Provider Name="HttpPlatformHandler"/><EventID>2000</EventID><Level>4</Level><Task>0</Task><Keywords>Keywords</Keywords><TimeCreated SystemTime="2019-07-14T06:15:29Z"/><EventRecordID>177678437</EventRecordID><Channel>Application</Channel><Computer>RD0003FF564539</Computer><Security/></System><EventData><Data>Recycling application MACHINE/WEBROOT/APPHOST/WEBAPPSDEMO1 [TID 4192] [PID 6064]</Data></EventData></Event><Event><System><Provider Name="HttpPlatformHandler"/><EventID>2000</EventID><Level>4</Level><Task>0</Task><Keywords>Keywords</Keywords><TimeCreated SystemTime="2019-07-14T06:19:53Z"/><EventRecordID>177942781</EventRecordID><Channel>Application</Channel><Computer>RD0003FF564539</Computer><Security/></System><EventData><Data>APPLICATION_MANAGER::~APPLICATION_MANAGER | this=009A9B40 [TID 3704] [PID 6064]</Data></EventData></Event><Event><System><Provider Name="HttpPlatformHandler"/><EventID>2000</EventID><Level>4</Level><Task>0</Task><Keywords>Keywords</Keywords><TimeCreated SystemTime="2019-07-14T06:19:54Z"/><EventRecordID>177943812</EventRecordID><Channel>Application</Channel><Computer>RD0003FF564539</Computer><Security/></System><EventData><Data>APPLICATION_MANAGER::~APPLICATION_MANAGER | this=04CB2938 [TID 5160] [PID 5372]</Data></EventData></Event><Event><System><Provider Name="HttpPlatformHandler"/><EventID>2000</EventID><Level>4</Level><Task>0</Task><Keywords>Keywords</Keywords><TimeCreated SystemTime="2019-07-14T07:06:36Z"/><EventRecordID>668565625</EventRecordID><Channel>Application</Channel><Computer>RD0003FF561693</Computer><Security/></System><EventData><Data>Change in global configuration [TID 8020] [PID 3828]</Data></EventData></Event><Event><System><Provider Name="HttpPlatformHandler"/><EventID>2000</EventID><Level>4</Level><Task>0</Task><Keywords>Keywords</Keywords><TimeCreated SystemTime="2019-07-14T07:06:36Z"/><EventRecordID>668565640</EventRecordID><Channel>Application</Channel><Computer>RD0003FF561693</Computer><Security/></System><EventData><Data>Global configuration changed. Change path: MACHINE/WEBROOT/APPHOST/WEBAPPSDEMO1, ApplicationManager: 05586370 [TID 8020] [PID 3828]</Data></EventData></Event><Event><System><Provider Name="HttpPlatformHandler"/><EventID>2000</EventID><Level>4</Level><Task>0</Task><Keywords>Keywords</Keywords><TimeCreated SystemTime="2019-07-14T07:06:36Z"/><EventRecordID>668565640</EventRecordID><Channel>Application</Channel><Computer>RD0003FF561693</Computer><Security/></System><EventData><Data>Recycling application MACHINE/WEBROOT/APPHOST/WEBAPPSDEMO1 [TID 8020] [PID 3828]</Data></EventData></Event><Event><System><Provider Name="HttpPlatformHandler"/><EventID>2000</EventID><Level>4</Level><Task>0</Task><Keywords>Keywords</Keywords><TimeCreated SystemTime="2019-07-14T07:06:37Z"/><EventRecordID>668565765</EventRecordID><Channel>Application</Channel><Computer>RD0003FF561693</Computer><Security/></System><EventData><Data>Change in global configuration [TID 7380] [PID 3828]</Data></EventData></Event><Event><System><Provider Name="HttpPlatformHandler"/><EventID>2000</EventID><Level>4</Level><Task>0</Task><Keywords>Keywords</Keywords><TimeCreated SystemTime="2019-07-14T07:06:37Z"/><EventRecordID>668565781</EventRecordID><Channel>Application</Channel><Computer>RD0003FF561693</Computer><Security/></System><EventData><Data>Global configuration changed. Change path: MACHINE/WEBROOT/APPHOST/WEBAPPSDEMO1, ApplicationManager: 05586370 [TID 7380] [PID 3828]</Data></EventData></Event><Event><System><Provider Name="HttpPlatformHandler"/><EventID>2000</EventID><Level>4</Level><Task>0</Task><Keywords>Keywords</Keywords><TimeCreated SystemTime="2019-07-14T07:06:37Z"/><EventRecordID>668565781</EventRecordID><Channel>Application</Channel><Computer>RD0003FF561693</Computer><Security/></System><EventData><Data>Recycling application MACHINE/WEBROOT/APPHOST/WEBAPPSDEMO1 [TID 7380] [PID 3828]</Data></EventData></Event><Event><System><Provider Name="HttpPlatformHandler"/><EventID>2000</EventID><Level>4</Level><Task>0</Task><Keywords>Keywords</Keywords><TimeCreated SystemTime="2019-07-14T07:51:25Z"/><EventRecordID>671254250</EventRecordID><Channel>Application</Channel><Computer>RD0003FF561693</Computer><Security/></System><EventData><Data>Change in global configuration [TID 7896] [PID 3828]</Data></EventData></Event><Event><System><Provider Name="HttpPlatformHandler"/><EventID>2000</EventID><Level>4</Level><Task>0</Task><Keywords>Keywords</Keywords><TimeCreated SystemTime="2019-07-14T07:51:25Z"/><EventRecordID>671254265</EventRecordID><Channel>Application</Channel><Computer>RD0003FF561693</Computer><Security/></System><EventData><Data>Global configuration changed. Change path: MACHINE/WEBROOT/APPHOST/WEBAPPSDEMO1, ApplicationManager: 05586370 [TID 7896] [PID 3828]</Data></EventData></Event><Event><System><Provider Name="HttpPlatformHandler"/><EventID>2000</EventID><Level>4</Level><Task>0</Task><Keywords>Keywords</Keywords><TimeCreated SystemTime="2019-07-14T07:51:25Z"/><EventRecordID>671254281</EventRecordID><Channel>Application</Channel><Computer>RD0003FF561693</Computer><Security/></System><EventData><Data>Recycling application MACHINE/WEBROOT/APPHOST/WEBAPPSDEMO1 [TID 7896] [PID 3828]</Data></EventData></Event><Event><System><Provider Name="HttpPlatformHandler"/><EventID>2000</EventID><Level>4</Level><Task>0</Task><Keywords>Keywords</Keywords><TimeCreated SystemTime="2019-07-14T07:51:25Z"/><EventRecordID>671254312</EventRecordID><Channel>Application</Channel><Computer>RD0003FF561693</Computer><Security/></System><EventData><Data>Change in global configuration [TID 3668] [PID 3828]</Data></EventData></Event><Event><System><Provider Name="HttpPlatformHandler"/><EventID>2000</EventID><Level>4</Level><Task>0</Task><Keywords>Keywords</Keywords><TimeCreated SystemTime="2019-07-14T07:51:25Z"/><EventRecordID>671254328</EventRecordID><Channel>Application</Channel><Computer>RD0003FF561693</Computer><Security/></System><EventData><Data>Global configuration changed. Change path: MACHINE/WEBROOT/APPHOST/WEBAPPSDEMO1, ApplicationManager: 05586370 [TID 3668] [PID 3828]</Data></EventData></Event><Event><System><Provider Name="HttpPlatformHandler"/><EventID>2000</EventID><Level>4</Level><Task>0</Task><Keywords>Keywords</Keywords><TimeCreated SystemTime="2019-07-14T07:51:25Z"/><EventRecordID>671254343</EventRecordID><Channel>Application</Channel><Computer>RD0003FF561693</Computer><Security/></System><EventData><Data>Recycling application MACHINE/WEBROOT/APPHOST/WEBAPPSDEMO1 [TID 3668] [PID 3828]</Data></EventData></Event><Event><System><Provider Name="HttpPlatformHandler"/><EventID>2000</EventID><Level>4</Level><Task>0</Task><Keywords>Keywords</Keywords><TimeCreated SystemTime="2019-07-14T07:54:19Z"/><EventRecordID>671427859</EventRecordID><Channel>Application</Channel><Computer>RD0003FF561693</Computer><Security/></System><EventData><Data>Change in global configuration [TID 6680] [PID 3828]</Data></EventData></Event><Event><System><Provider Name="HttpPlatformHandler"/><EventID>2000</EventID><Level>4</Level><Task>0</Task><Keywords>Keywords</Keywords><TimeCreated SystemTime="2019-07-14T07:54:19Z"/><EventRecordID>671427859</EventRecordID><Channel>Application</Channel><Computer>RD0003FF561693</Computer><Security/></System><EventData><Data>Global configuration changed. Change path: MACHINE/WEBROOT/APPHOST/WEBAPPSDEMO1, ApplicationManager: 05586370 [TID 6680] [PID 3828]</Data></EventData></Event><Event><System><Provider Name="HttpPlatformHandler"/><EventID>2000</EventID><Level>4</Level><Task>0</Task><Keywords>Keywords</Keywords><TimeCreated SystemTime="2019-07-14T07:54:19Z"/><EventRecordID>671427875</EventRecordID><Channel>Application</Channel><Computer>RD0003FF561693</Computer><Security/></System><EventData><Data>Recycling application MACHINE/WEBROOT/APPHOST/WEBAPPSDEMO1 [TID 6680] [PID 3828]</Data></EventData></Event><Event><System><Provider Name="HttpPlatformHandler"/><EventID>2000</EventID><Level>4</Level><Task>0</Task><Keywords>Keywords</Keywords><TimeCreated SystemTime="2019-07-14T07:54:19Z"/><EventRecordID>671427890</EventRecordID><Channel>Application</Channel><Computer>RD0003FF561693</Computer><Security/></System><EventData><Data>Change in global configuration [TID 7380] [PID 3828]</Data></EventData></Event><Event><System><Provider Name="HttpPlatformHandler"/><EventID>2000</EventID><Level>4</Level><Task>0</Task><Keywords>Keywords</Keywords><TimeCreated SystemTime="2019-07-14T07:54:19Z"/><EventRecordID>671427906</EventRecordID><Channel>Application</Channel><Computer>RD0003FF561693</Computer><Security/></System><EventData><Data>Global configuration changed. Change path: MACHINE/WEBROOT/APPHOST/WEBAPPSDEMO1, ApplicationManager: 05586370 [TID 7380] [PID 3828]</Data></EventData></Event><Event><System><Provider Name="HttpPlatformHandler"/><EventID>2000</EventID><Level>4</Level><Task>0</Task><Keywords>Keywords</Keywords><TimeCreated SystemTime="2019-07-14T07:54:19Z"/><EventRecordID>671427906</EventRecordID><Channel>Application</Channel><Computer>RD0003FF561693</Computer><Security/></System><EventData><Data>Recycling application MACHINE/WEBROOT/APPHOST/WEBAPPSDEMO1 [TID 7380] [PID 3828]</Data></EventData></Event><Event><System><Provider Name="HttpPlatformHandler"/><EventID>2000</EventID><Level>4</Level><Task>0</Task><Keywords>Keywords</Keywords><TimeCreated SystemTime="2019-07-14T08:02:16Z"/><EventRecordID>671904546</EventRecordID><Channel>Application</Channel><Computer>RD0003FF561693</Computer><Security/></System><EventData><Data>APPLICATION_MANAGER::~APPLICATION_MANAGER | this=04FF12F8 [TID 5856] [PID 4476]</Data></EventData></Event><Event><System><Provider Name="HttpPlatformHandler"/><EventID>2000</EventID><Level>4</Level><Task>0</Task><Keywords>Keywords</Keywords><TimeCreated SystemTime="2019-07-14T08:02:18Z"/><EventRecordID>671907328</EventRecordID><Channel>Application</Channel><Computer>RD0003FF561693</Computer><Security/></System><EventData><Data>APPLICATION_MANAGER::~APPLICATION_MANAGER | this=05586370 [TID 7380] [PID 3828]</Data></EventData></Event><Event><System><Provider Name="HttpPlatformHandler"/><EventID>2000</EventID><Level>4</Level><Task>0</Task><Keywords>Keywords</Keywords><TimeCreated SystemTime="2019-07-14T08:02:23Z"/><EventRecordID>671912234</EventRecordID><Channel>Application</Channel><Computer>RD0003FF561693</Computer><Security/></System><EventData><Data>APPLICATION_MANAGER::~APPLICATION_MANAGER | this=053047F8 [TID 3432] [PID 7524]</Data></EventData></Event></Events>
